38.56.109.0/24,PE,PE-LIM,Lima,00051
2801:155:81:100::/126,EC,EC-P,Quito,170150
38.137.219.0/24,PE,PE-LIM,Lima,00051
2803:b0e0:999b::/48,PE,PE-ARE,Arequipa,04001
38.56.116.0/24,PE,PE-ARE,Arequipa,04001
38.199.77.0/24,CO,CO-DC,Bogota,111711
38.199.69.0/24,CO,CO-CAU,Popayan,190001
38.199.70.0/24,CO,CO-CAU,Popayan,190001
138.99.176.0/22,CO,CO-DC,Bogota,110111
138.185.14.0/24,PE,PE-LIM,Lima,15001
138.185.15.0/24,PE,PE-LIM,Lima,15001
138.99.178.0/24,PE,PE-LIM,Lima,15001
168.194.170.0/24,PE,PE-LIM,Lima,15001
168.194.171.0/24,PE,PE-LIM,Lima,15001
201.218.129.0/24,PE,PE-LIM,Lima,15001
201.218.130.0/24,PE,PE-LIM,Lima,15001
201.218.133.0/24,PE,PE-LIM,Lima,15001
201.218.144.0/24,PE,PE-LIM,Lima,15001
201.218.157.0/24,PE,PE-LIM,Lima,15001
201.218.159.0/24,PE,PE-LIM,Lima,15001
2803:b0e0:8001::/48,PE,PE-LIM,Lima,15001
2803:b0e0:8002::/48,PE,PE-LIM,Lima,15001
2803:b0e0:8004::/48,PE,PE-LIM,Lima,15001
2803:b0e0:8007::/48,PE,PE-LIM,Lima,15001
2803:b0e0:800c::/48,PE,PE-LIM,Lima,15001
2803:b0e0:800e::/48,PE,PE-LIM,Lima,15001
2803:b0e0:8011::/48,PE,PE-LIM,Lima,15001
2803:b0e0:8013::/48,PE,PE-LIM,Lima,15001
2803:b0e0:8014::/48,PE,PE-LIM,Lima,15001
2803:b0e0:8017::/48,PE,PE-LIM,Lima,15001
2803:b0e0:801b::/48,PE,PE-LIM,Lima,15001
2803:b0e0:9973::/48,PE,PE-LIM,Lima,15001
2803:b0e0:997a::/48,PE,PE-LIM,Lima,15001
2803:b0e0:9980::/48,PE,PE-LIM,Lima,15001
2803:b0e0:9984::/48,PE,PE-LIM,Lima,15001
2803:b0e0:9986::/48,PE,PE-LIM,Lima,15001
2803:b0e0:9988::/48,PE,PE-LIM,Lima,15001
2803:b0e0:9990::/48,PE,PE-LIM,Lima,15001
2803:b0e0:9991::/48,PE,PE-LIM,Lima,15001
2803:b0e0:9992::/48,PE,PE-LIM,Lima,15001
2803:b0e0:9999::/48,PE,PE-LIM,Lima,15001
2803:b0e0:99c1::/48,PE,PE-LIM,Lima,15001
2803:b0e0:99c9::/48,PE,PE-LIM,Lima,15001
2803:b0e0:99ca::/48,PE,PE-LIM,Lima,15001
2803:b0e0:99cb::/48,PE,PE-LIM,Lima,15001
2803:b0e0:99cd::/48,PE,PE-LIM,Lima,15001
38.137.193.0/24,PE,PE-LIM,Lima,15001
38.137.194.0/24,PE,PE-LIM,Lima,15001
38.137.195.0/24,PE,PE-LIM,Lima,15001
38.137.198.0/24,PE,PE-LIM,Lima,15001
38.137.200.0/23,PE,PE-LIM,Lima,15001
38.137.203.0/24,PE,PE-LIM,Lima,15001
38.137.204.0/24,PE,PE-LIM,Lima,15001
38.137.205.0/24,PE,PE-LIM,Lima,15001
38.137.206.0/24,PE,PE-LIM,Lima,15001
38.137.207.0/24,PE,PE-LIM,Lima,15001
38.137.211.0/24,PE,PE-LIM,Lima,15001
38.137.212.0/24,PE,PE-LIM,Lima,15001
38.137.213.0/24,PE,PE-LIM,Lima,15001
38.137.214.0/24,PE,PE-LIM,Lima,15001
38.137.216.0/24,PE,PE-LIM,Lima,15001
38.137.217.0/24,PE,PE-LIM,Lima,15001
38.137.218.0/24,PE,PE-LIM,Lima,15001
38.137.221.0/24,PE,PE-LIM,Lima,15001
38.56.103.0/24,PE,PE-LIM,Lima,15001
38.56.106.0/24,PE,PE-LIM,Lima,15001
38.56.110.0/24,PE,PE-LIM,Lima,15001
38.56.116.0/24,PE,PE-LIM,Lima,15001
38.56.118.0/23,PE,PE-LIM,Lima,15001
38.56.98.0/24,PE,PE-LIM,Lima,15001
2803:cd60:6414:7::/64,AR,AR-C,Buenos Aires,C1000
2803:cd60:8900::/40,AR,AR-C,Buenos Aires,C1000
38.199.91.0/24,AR,AR-C,Buenos Aires,C1000
45.68.26.0/24,AR,AR-C,Buenos Aires,C1000
2803:cd60:8b00::/40,BR,BR-SP,Sao Paulo,01000
2803:cd60:8a00::/40,CL,CL-RM,Santiago,8320000
131.161.200.0/24,CO,CO-DC,Bogota,110111
138.99.177.0/24,CO,CO-DC,Bogota,110111
138.99.179.0/24,CO,CO-DC,Bogota,110111
2801:1a:5800::/64,CO,CO-DC,Bogota,110111
2801:1a:5800:1::/126,CO,CO-DC,Bogota,110111
2801:1a:5800:1::4/126,CO,CO-DC,Bogota,110111
2801:1a:5800:141::/64,CO,CO-DC,Bogota,110111
2801:1a:5800:142::/64,CO,CO-DC,Bogota,110111
2801:1a:5800:148::/64,CO,CO-DC,Bogota,110111
2801:1a:5800:149::/64,CO,CO-DC,Bogota,110111
2801:1a:5800:200::/126,CO,CO-DC,Bogota,110111
2801:1a:5800:200::/56,CO,CO-DC,Bogota,110111
2801:1a:5800:300::/126,CO,CO-DC,Bogota,110111
2801:1a:5800:300::/56,CO,CO-DC,Bogota,110111
2801:1a:5800:300::4/126,CO,CO-DC,Bogota,110111
2801:1a:5800:400::/64,CO,CO-DC,Bogota,110111
2801:1a:5800:401::/64,CO,CO-DC,Bogota,110111
2801:1a:5800:402::/126,CO,CO-DC,Bogota,110111
2801:1a:5800:402::4/126,CO,CO-DC,Bogota,110111
2801:1a:5800:402::8/126,CO,CO-DC,Bogota,110111
2801:1a:5800:402::c/126,CO,CO-DC,Bogota,110111
2801:1a:5800:480::/126,CO,CO-DC,Bogota,110111
2801:1a:5800:480::4/126,CO,CO-DC,Bogota,110111
2801:1a:5800:500::/56,CO,CO-DC,Bogota,110111
2801:1a:5800:600::/56,CO,CO-DC,Bogota,110111
2801:1a:5800:700::/56,CO,CO-DC,Bogota,110111
2803:b0e0:1::/112,CO,CO-DC,Bogota,110111
2803:b0e0:1::/126,CO,CO-DC,Bogota,110111
2803:b0e0:1::4/126,CO,CO-DC,Bogota,110111
2803:b0e0:2680::/112,CO,CO-DC,Bogota,110111
2803:b0e0:2680::/126,CO,CO-DC,Bogota,110111
2803:b0e0:2680::/44,CO,CO-DC,Bogota,110111
2803:b0e0:2680::/48,CO,CO-DC,Bogota,110111
2803:b0e0:2680:100::/56,CO,CO-DC,Bogota,110111
2803:b0e0:7000::/36,CO,CO-DC,Bogota,110111
2803:b0e0:7000::/48,CO,CO-DC,Bogota,110111
2803:b0e0:7001::/48,CO,CO-PUT,VILLAGARZON,861080
2803:b0e0:7003::/48,CO,CO-ATL,Barranquilla,80001
2803:b0e0:7004::/48,CO,CO-DC,Bogota,110111
2803:b0e0:7005::/48,CO,CO-VAC,Cali,760001
2803:b0e0:7007::/48,CO,CO-DC,Bogota,110111
2803:b0e0:8000::/36,CO,CO-DC,Bogota,110111
2803:b0e0:99c8::/48,CO,CO-DC,Bogota,110111
2803:b0e0:a000::/126,CO,CO-DC,Bogota,110111
2803:b0e0:a000::/36,CO,CO-DC,Bogota,110111
2803:b0e0:a000::/48,CO,CO-DC,Bogota,110111
2803:cd60:8700::/126,CO,CO-DC,Bogota,110111
2803:cd60:8700::/40,CO,CO-DC,Bogota,110111
2803:cd60:8700::/44,CO,CO-DC,Bogota,110111
2803:cd60:8700::/48,CO,CO-DC,Bogota,110111
2803:cd60:8700::/64,CO,CO-DC,Bogota,110111
2803:cd60:8700::4/126,CO,CO-DC,Bogota,110111
2803:cd60:8700::8/126,CO,CO-DC,Bogota,110111
2803:cd60:8700:100::/56,CO,CO-DC,Bogota,110111
2803:cd60:8710::/44,CO,CO-DC,Bogota,110111
2803:cd60:8720::/126,CO,CO-DC,Bogota,110111
2803:cd60:8720::/44,CO,CO-DC,Bogota,110111
2803:cd60:8720::/48,CO,CO-DC,Bogota,110111
2803:cd60:8720::4/126,CO,CO-DC,Bogota,110111
2803:cd60:8720::8/126,CO,CO-DC,Bogota,110111
2803:cd60:8730::/44,CO,CO-DC,Bogota,110111
38.137.192.0/20,CO,CO-DC,Bogota,110111
38.137.208.0/20,CO,CO-DC,Bogota,110111
38.137.209.0/24,CO,CO-PUT,VILLAGARZON,861080
38.199.64.0/19,CO,CO-DC,Bogota,110111
38.199.64.0/24,CO,CO-DC,Bogota,110111
38.199.65.0/24,CO,CO-DC,Bogota,110111
38.199.66.0/24,CO,CO-DC,Bogota,110111
38.199.67.0/24,CO,CO-DC,Bogota,110111
38.199.68.0/24,CO,CO-VAC,Santander de Quilichao,191030
38.199.69.0/24,CO,CO-CAU,Popayan,190001
38.199.70.0/24,CO,CO-CAU,Popayan,190001
38.199.71.0/24,CO,CO-CAU,Popayan,190001
38.199.72.0/24,CO,CO-ANT,Medellin,050001
38.199.72.0/30,CO,CO-ANT,Medellin,050001
38.199.73.0/24,CO,CO-VAU,Valle del Guamuez,862040
38.199.74.0/24,CO,CO-ATL,Barranquilla,80001
38.199.75.0/24,CO,CO-DC,Bogota,110111
38.199.76.0/24,CO,CO-VAC,Cali,760001
38.199.77.0/24,CO,CO-ANT,Medellin,050001
38.199.78.0/24,CO,CO-DC,Bogota,110111
38.199.79.0/24,CO,CO-DC,Bogota,110111
38.199.80.0/24,CO,CO-DC,Bogota,110111
38.199.81.0/24,CO,CO-DC,Bogota,110111
38.199.82.0/24,CO,CO-DC,Bogota,110111
38.199.83.0/24,CO,CO-DC,Bogota,110111
38.199.84.0/24,CO,CO-DC,Bogota,110111
38.199.85.0/24,CO,CO-DC,Bogota,110111
38.199.86.0/24,CO,CO-DC,Bogota,110111
38.199.87.0/24,CO,CO-DC,Bogota,110111
38.199.93.0/24,CO,CO-DC,Bogota,110111
38.199.93.0/29,CO,CO-DC,Bogota,110111
38.199.93.8/29,CO,CO-DC,Bogota,110111
38.56.108.0/24,CO,CO-DC,Bogota,110111
38.56.108.224/30,CO,CO-DC,Bogota,110111
38.56.108.228/30,CO,CO-DC,Bogota,110111
38.56.108.232/30,CO,CO-DC,Bogota,110111
38.56.108.240/30,CO,CO-DC,Bogota,110111
38.56.108.244/30,CO,CO-DC,Bogota,110111
38.56.108.248/29,CO,CO-DC,Bogota,110111
38.56.122.0/24,CO,CO-DC,Bogota,110111
38.56.122.128/30,CO,CO-DC,Bogota,110111
38.56.122.132/30,CO,CO-DC,Bogota,110111
38.56.122.136/30,CO,CO-DC,Bogota,110111
38.56.122.140/30,CO,CO-DC,Bogota,110111
38.56.122.144/30,CO,CO-DC,Bogota,110111
38.56.122.96/27,CO,CO-DC,Bogota,110111
38.56.123.0/24,CO,CO-DC,Bogota,110111
38.56.123.128/30,CO,CO-DC,Bogota,110111
38.56.123.132/30,CO,CO-DC,Bogota,110111
38.56.124.0/24,CO,CO-DC,Bogota,110111
38.56.124.128/30,CO,CO-DC,Bogota,110111
38.56.124.132/30,CO,CO-DC,Bogota,110111
38.56.124.136/30,CO,CO-DC,Bogota,110111
38.56.124.140/30,CO,CO-DC,Bogota,110111
38.56.124.160/27,CO,CO-DC,Bogota,110111
45.68.24.0/22,CO,CO-DC,Bogota,110111
45.68.24.0/24,CO,CO-DC,Bogota,110111
45.68.25.0/24,CO,CO-DC,Bogota,110111
45.68.27.0/24,CO,CO-DC,Bogota,110111
45.68.27.224/28,CO,CO-DC,Bogota,110111
45.68.27.240/30,CO,CO-DC,Bogota,110111
45.68.27.244/30,CO,CO-DC,Bogota,110111
45.68.27.248/29,CO,CO-DC,Bogota,110111
45.68.28.0/22,CO,CO-DC,Bogota,110111
45.68.28.0/24,CO,CO-DC,Bogota,110111
45.68.29.0/24,CO,CO-DC,Bogota,110111
45.68.30.0/24,CO,CO-DC,Bogota,110111
45.68.36.0/22,CO,CO-DC,Bogota,110111
45.68.36.0/24,CO,CO-DC,Bogota,110111
45.68.37.0/24,CO,CO-DC,Bogota,110111
2801:155:80::/44,EC,EC-P,Quito,170150
2801:155:80::/64,EC,EC-P,Quito,170150
2801:155:81::/48,EC,EC-P,Quito,170150
2801:155:81::/56,EC,EC-P,Quito,170150
2801:155:81:100::/126,EC,EC-P,Quito,170150
2803:cd60:8800::/40,EC,EC-P,Quito,170150
38.199.89.0/24,EC,EC-P,Quito,170150
38.199.92.0/24,EC,EC-P,Quito,170150
45.68.38.0/24,EC,EC-P,Quito,170150
45.68.39.0/24,EC,EC-P,Quito,170150
45.68.39.128/30,EC,EC-P,Quito,170150
45.68.39.160/27,EC,EC-P,Quito,170150
2801:155::/40,GT,GT-GU,Ciudad de Guatemala,1001
2801:155:6::/48,GT,GT-GU,Ciudad de Guatemala,1001
2801:155:6:4156::/64,GT,GT-GU,Ciudad de Guatemala,1001
2801:155:6:4157::/64,GT,GT-GU,Ciudad de Guatemala,1001
2801:155:7:4158::/64,GT,GT-GU,Ciudad de Guatemala,1001
2801:155:8::/48,GT,GT-GU,Ciudad de Guatemala,1001
2801:155:8:4200::/56,GT,GT-GU,Ciudad de Guatemala,1001
2801:155:8:4300::/126,GT,GT-GU,Ciudad de Guatemala,1001
2801:155:9::/48,GT,GT-GU,Ciudad de Guatemala,1001
2801:155:9::/64,GT,GT-GU,Ciudad de Guatemala,1001
2801:155:9:1::/126,GT,GT-GU,Ciudad de Guatemala,1001
2801:155:9:2::/64,GT,GT-GU,Ciudad de Guatemala,1001
2801:155:a::/48,GT,GT-GU,Ciudad de Guatemala,1001
2801:155:a::/64,GT,GT-GU,Ciudad de Guatemala,1001
2801:155:b:1::/126,GT,GT-GU,Ciudad de Guatemala,1001
2801:155:c::/56,GT,GT-GU,Ciudad de Guatemala,1001
2801:155:c::/64,GT,GT-GU,Ciudad de Guatemala,1001
2801:155:c:1::/64,GT,GT-GU,Ciudad de Guatemala,1001
2803:b0e0:2690:1::/64,GT,GT-GU,Ciudad de Guatemala,1001
38.199.88.0/24,GT,GT-GU,Ciudad de Guatemala,1001
38.199.90.0/24,GT,GT-GU,Ciudad de Guatemala,1001
45.68.48.0/22,GT,GT-GU,Ciudad de Guatemala,1001
45.68.48.0/24,GT,GT-GU,Ciudad de Guatemala,1001
45.68.49.0/24,GT,GT-GU,Ciudad de Guatemala,1001
45.68.49.128/30,GT,GT-GU,Ciudad de Guatemala,1001
45.68.49.132/31,GT,GT-GU,Ciudad de Guatemala,1001
45.68.49.134/31,GT,GT-GU,Ciudad de Guatemala,1001
45.68.49.136/29,GT,GT-GU,Ciudad de Guatemala,1001
45.68.49.144/29,GT,GT-GU,Ciudad de Guatemala,1001
45.68.49.152/29,GT,GT-GU,Ciudad de Guatemala,1001
45.68.49.160/27,GT,GT-GU,Ciudad de Guatemala,1001
45.68.49.192/26,GT,GT-GU,Ciudad de Guatemala,1001
45.68.49.80/29,GT,GT-GU,Ciudad de Guatemala,1001
45.68.49.88/30,GT,GT-GU,Ciudad de Guatemala,1001
45.68.50.0/24,GT,GT-GU,Ciudad de Guatemala,1001
45.68.51.0/24,GT,GT-GU,Ciudad de Guatemala,1001
2803:cd60:8c00::/38,MX,MX-CMX,Ciudad de MÃ©xico,01000
131.161.200.0/22,PE,PE-LIM,Lima,15001
131.161.201.0/24,PE,PE-LIM,Lima,15001
131.161.202.0/24,PE,PE-LIM,Lima,15001
131.161.203.0/24,PE,PE-LIM,Lima,15001
132.255.236.0/22,PE,PE-LIM,Lima,15001
132.255.236.0/24,PE,PE-LIM,Lima,15001
138.185.12.0/22,PE,PE-LIM,Lima,15001
138.185.12.0/24,PE,PE-LIM,Lima,15001
138.185.13.0/24,PE,PE-LIM,Lima,15001
138.185.13.224/30,PE,PE-LIM,Lima,15001
138.185.13.228/30,PE,PE-LIM,Lima,15001
138.185.13.240/28,PE,PE-LIM,Lima,15001
138.99.176.0/24,PE,PE-LIM,Lima,15001
168.194.168.0/22,PE,PE-LIM,Lima,15001
168.194.168.0/24,PE,PE-LIM,Lima,15001
168.194.169.0/24,PE,PE-ARE,Arequipa,04001
168.90.156.0/22,PE,PE-LIM,Lima,15001
168.90.156.0/24,PE,PE-LIM,Lima,15001
168.90.157.0/24,PE,PE-LIM,Lima,15001
168.90.158.0/24,PE,PE-LIM,Lima,15001
168.90.159.0/24,PE,PE-LIM,Lima,15001
170.82.224.0/22,PE,PE-LIM,Lima,15001
170.82.224.0/24,PE,PE-LIM,Lima,15001
170.82.224.192/26,PE,PE-LIM,Lima,15001
170.82.225.0/27,PE,PE-LIM,Lima,15001
170.82.226.0/23,PE,PE-LIM,Lima,15001
172.16.42.0/30,PE,PE-LIM,Lima,15001
2001:db8::/33,PE,PE-LIM,Lima,15001
201.218.128.0/19,PE,PE-LIM,Lima,15001
201.218.128.0/24,PE,PE-LIM,Lima,15001
201.218.131.0/24,CO,CO-DC,Bogota,110111
201.218.132.0/24,CO,CO-DC,Bogota,110111
201.218.134.0/24,PE,PE-LIM,Lima,15001
201.218.135.0/24,PE,PE-LIM,Lima,15001
201.218.136.0/24,PE,PE-ARE,Arequipa,04001
201.218.137.0/24,PE,PE-LIM,Lima,15001
201.218.138.0/24,PE,PE-LIM,Lima,15001
201.218.139.0/24,PE,PE-LIM,Lima,15001
201.218.140.0/24,PE,PE-ARE,Arequipa,04001
201.218.141.0/24,PE,PE-LIM,Lima,15001
201.218.142.0/24,PE,PE-LIM,Lima,15001
201.218.143.0/24,PE,PE-LIM,Lima,15001
201.218.145.0/24,PE,PE-LIM,Lima,15001
201.218.146.0/24,PE,PE-ARE,Arequipa,04001
201.218.147.0/24,PE,PE-LIM,Lima,15001
201.218.148.0/24,PE,PE-LIM,Lima,15001
201.218.149.0/24,PE,PE-LIM,Lima,15001
201.218.150.0/24,PE,PE-ARE,Arequipa,04001
201.218.151.0/24,PE,PE-LIM,Lima,15001
201.218.152.0/24,PE,PE-LIM,Lima,15001
201.218.153.0/24,PE,PE-LIM,Lima,15001
201.218.154.0/24,PE,PE-LIM,Lima,15001
201.218.155.0/24,PE,PE-LIM,Lima,15001
201.218.156.0/24,PE,PE-LIM,Lima,15001
201.218.158.0/24,PE,PE-LIM,Lima,15001
2803:5200:6412::/48,PE,PE-LIM,Lima,15001
2803:5200:6412:1110::/126,PE,PE-LIM,Lima,15001
2803:5200:6412:1110::4/126,PE,PE-LIM,Lima,15001
2803:5200:6412:1111::/64,PE,PE-LIM,Lima,15001
2803:5200:6413::/48,PE,PE-LIM,Lima,15001
2803:5200:6420::/44,PE,PE-LIM,Lima,15001
2803:b0e0::/112,PE,PE-LIM,Lima,15001
2803:b0e0::/126,PE,PE-LIM,Lima,15001
2803:b0e0::4/126,PE,PE-LIM,Lima,15001
2803:b0e0::8/126,PE,PE-LIM,Lima,15001
2803:b0e0:2698::/48,PE,PE-LIM,Lima,15001
2803:b0e0:2698:62::/64,PE,PE-LIM,Lima,15001
2803:b0e0:2699::/48,PE,PE-LIM,Lima,15001
2803:b0e0:269c::/48,PE,PE-LIM,Lima,15001
2803:b0e0:26a0::/44,PE,PE-LIM,Lima,15001
2803:b0e0:26a0::/48,PE,PE-LIM,Lima,15001
2803:b0e0:26a0::/64,PE,PE-LIM,Lima,15001
2803:b0e0:26a0:1::/126,PE,PE-LIM,Lima,15001
2803:b0e0:26a1::/48,PE,PE-LIM,Lima,15001
2803:b0e0:26a1::/64,PE,PE-LIM,Lima,15001
2803:b0e0:26a1:2::/126,PE,PE-LIM,Lima,15001
2803:b0e0:26ae::/48,PE,PE-LIM,Lima,15001
2803:b0e0:26af::/48,PE,PE-LIM,Lima,15001
2803:b0e0:7002::/48,PE,PE-LIM,Lima,15001
2803:b0e0:7006::/48,PE,PE-LIM,Lima,15001
2803:b0e0:8000::/48,PE,PE-LIM,Lima,15001
2803:b0e0:8003::/48,PE,PE-LIM,Lima,15001
2803:b0e0:8005::/48,PE,PE-LAL,Trujillo,13001
2803:b0e0:8006::/48,PE,PE-LAM,Chiclayo,14001
2803:b0e0:8008::/46,PE,PE-LIM,Lima,15001
2803:b0e0:800d::/48,PE,PE-ARE,Arequipa,04001
2803:b0e0:800f::/48,PE,PE-LIM,Lima,15001
2803:b0e0:8010::/48,PE,PE-LAM,Chiclayo,14001
2803:b0e0:8012::/48,PE,PE-PIU,Piura,20001
2803:b0e0:8012::/48,PE,PE-LIM,Lima,15001
2803:b0e0:8015::/48,PE,PE-PIU,Piura,20001
2803:b0e0:8019::/48,PE,PE-LAL,Trujillo,13001
2803:b0e0:8021::/48,PE,PE-ARE,Arequipa,04001
2803:b0e0:9974::/48,PE,PE-LIM,Lima,15001
2803:b0e0:9975::/48,PE,PE-LAM,Chiclayo,14001
2803:b0e0:9976::/48,PE,PE-LIM,Lima,15001
2803:b0e0:9977::/48,PE,PE-ARE,Arequipa,04001
2803:b0e0:9979::/48,PE,PE-LIM,Lima,15001
2803:b0e0:9981::/48,PE,PE-ARE,Arequipa,04001
2803:b0e0:9983::/48,PE,PE-ARE,Arequipa,04001
2803:b0e0:9985::/48,PE,PE-LIM,Lima,15001
2803:b0e0:9987::/48,PE,PE-ARE,Arequipa,04001
2803:b0e0:9989::/48,PE,PE-ARE,Arequipa,04001
2803:b0e0:998a::/48,PE,PE-LIM,Lima,15001
2803:b0e0:9993::/48,PE,PE-ARE,Arequipa,04001
2803:b0e0:9994::/48,PE,PE-LIM,Lima,15001
2803:b0e0:9995::/48,PE,PE-LIM,Lima,15001
2803:b0e0:9996::/48,PE,PE-LIM,Lima,15001
2803:b0e0:9997::/48,PE,PE-LIM,Lima,15001
2803:b0e0:9998::/48,PE,PE-LIM,Lima,15001
2803:b0e0:999a::/48,PE,PE-LIM,Lima,15001
2803:b0e0:99c0::/48,PE,PE-LIM,Lima,15001
2803:b0e0:99c0::/64,PE,PE-LIM,Lima,15001
2803:b0e0:99c0:1::/126,PE,PE-LIM,Lima,15001
2803:b0e0:99c0:1::4/126,PE,PE-LIM,Lima,15001
2803:b0e0:99c0:2::/64,PE,PE-LIM,Lima,15001
2803:b0e0:99c0:3::/126,PE,PE-LIM,Lima,15001
2803:b0e0:99c0:3::/64,PE,PE-LIM,Lima,15001
2803:b0e0:99c3::/48,PE,PE-ARE,Arequipa,04001
2803:b0e0:99c4::/48,PE,PE-LIM,Lima,15001
2803:b0e0:99c5::/48,PE,PE-LIM,Lima,15001
2803:b0e0:99c6::/48,PE,PE-LIM,Lima,15001
2803:b0e0:99c7::/48,PE,PE-LIM,Lima,15001
2803:b0e0:99cc::/48,PE,PE-LAM,Chiclayo,14001
2803:b0e0:b000::/36,PE,PE-LIM,Lima,15001
2803:b0e0:b000::/48,PE,PE-LIM,Lima,15001
2803:b0e0:b001::/48,PE,PE-LIM,Lima,15001
2803:b0e0:b001::/64,PE,PE-LIM,Lima,15001
2803:cd60::/40,PE,PE-LIM,Lima,15001
2803:cd60:100::/40,PE,PE-LIM,Lima,15001
2803:cd60:100::/48,PE,PE-LIM,Lima,15001
2803:cd60:100:100::/64,PE,PE-LIM,Lima,15001
2803:cd60:100:101::/126,PE,PE-LIM,Lima,15001
2803:cd60:100:101::/64,PE,PE-LIM,Lima,15001
2803:cd60:100:102::/126,PE,PE-LIM,Lima,15001
2803:cd60:100:103::/64,PE,PE-LIM,Lima,15001
2803:cd60:1000::8/126,PE,PE-LIM,Lima,15001
2803:cd60:1000::c/126,PE,PE-LIM,Lima,15001
2803:cd60:101::/48,PE,PE-LIM,Lima,15001
2803:cd60:101:1::/64,PE,PE-LIM,Lima,15001
2803:cd60:101:2::/126,PE,PE-LIM,Lima,15001
2803:cd60:101:2::/64,PE,PE-LIM,Lima,15001
2803:cd60:102::/48,PE,PE-LIM,Lima,15001
2803:cd60:102::/64,PE,PE-LIM,Lima,15001
2803:cd60:102:1::/126,PE,PE-LIM,Lima,15001
2803:cd60:20::/48,PE,PE-LIM,Lima,15001
2803:cd60:20:3604::/64,PE,PE-LIM,Lima,15001
2803:cd60:2100::/40,PE,PE-LIM,Lima,15001
2803:cd60:2600::/40,PE,PE-LIM,Lima,15001
2803:cd60:3604::/48,PE,PE-LIM,Lima,15001
2803:cd60:3604::/64,PE,PE-LIM,Lima,15001
2803:cd60:3604:2::/126,PE,PE-LIM,Lima,15001
2803:cd60:42:3840::/126,PE,PE-LIM,Lima,15001
2803:cd60:42:3840::4/126,PE,PE-LIM,Lima,15001
2803:cd60:42:3854::/126,PE,PE-LIM,Lima,15001
2803:cd60:42:3854::c/126,PE,PE-LIM,Lima,15001
2803:cd60:42:3855::/64,PE,PE-LIM,Lima,15001
2803:cd60:42:3900::/56,PE,PE-LIM,Lima,15001
2803:cd60:42:3a00::/64,PE,PE-LIM,Lima,15001
2803:cd60:42:3a01::/126,PE,PE-LIM,Lima,15001
2803:cd60:43::/48,PE,PE-LIM,Lima,15001
2803:cd60:43::/64,PE,PE-LIM,Lima,15001
2803:cd60:43:1::/126,PE,PE-LIM,Lima,15001
2803:cd60:43:1::/64,PE,PE-LIM,Lima,15001
2803:cd60:6100::/40,PE,PE-LIM,Lima,15001
2803:cd60:6145:5::/64,PE,PE-LIM,Lima,15001
2803:cd60:6400::/40,PE,PE-LIM,Lima,15001
2803:cd60:6411:5::/64,PE,PE-LIM,Lima,15001
2803:cd60:6411:7:3604::/126,PE,PE-LIM,Lima,15001
2803:cd60:6412:8::/64,PE,PE-LIM,Lima,15001
2803:cd60:6413:2::/64,PE,PE-LIM,Lima,15001
2803:cd60:6414::/126,PE,PE-LIM,Lima,15001
2803:cd60:6414::/48,PE,PE-LIM,Lima,15001
2803:cd60:6414::4/126,PE,PE-LIM,Lima,15001
2803:cd60:6414:3::/64,PE,PE-LIM,Lima,15001
2803:cd60:6414:4::/64,PE,PE-LIM,Lima,15001
2803:cd60:6414:5::/64,PE,PE-LIM,Lima,15001
2803:cd60:6414:6::/64,PE,PE-LIM,Lima,15001
2803:cd60:6420::/48,PE,PE-LIM,Lima,15001
2803:cd60:8600::/40,PE,PE-LIM,Lima,15001
38.137.192.0/24,PE,PE-ARE,Arequipa,04001
38.137.196.0/24,PE,PE-ARE,Arequipa,04001
38.137.197.0/24,PE,PE-LIM,Lima,15001
38.137.199.0/24,PE,PE-LIM,Lima,15001
38.137.202.0/24,PE,PE-LAM,Chiclayo,14001
38.137.210.0/24,PE,PE-LIM,Lima,15001
38.137.215.0/24,PE,PE-LIM,Lima,15001
38.137.219.0/24,PE,PE-PIU,Piura,20001
38.137.220.0/24,PE,PE-ARE,Arequipa,04001
38.137.222.0/24,PE,PE-LAM,Chiclayo,14001
38.137.223.0/24,PE,PE-PIU,Piura,20001
38.199.94.0/24,PE,PE-ARE,Arequipa,04001
38.199.94.0/29,PE,PE-ARE,Arequipa,04001
38.199.95.0/24,PE,PE-LAL,Trujillo,13001
38.199.95.128/26,PE,PE-LAL,Trujillo,13001
38.199.95.192/30,PE,PE-LAL,Trujillo,13001
38.56.100.0/24,PE,PE-LIM,Lima,15001
38.56.100.0/30,PE,PE-LIM,Lima,15001
38.56.100.16/28,PE,PE-LIM,Lima,15001
38.56.100.32/27,PE,PE-LIM,Lima,15001
38.56.100.4/30,PE,PE-LIM,Lima,15001
38.56.100.64/26,PE,PE-LIM,Lima,15001
38.56.100.8/30,PE,PE-LIM,Lima,15001
38.56.101.0/24,PE,PE-LIM,Lima,15001
38.56.102.0/24,PE,PE-LIM,Lima,15001
38.56.104.0/24,PE,PE-LIM,Lima,15001
38.56.105.0/24,PE,PE-LIM,Lima,15001
38.56.107.0/24,PE,PE-LIM,Lima,15001
38.56.107.0/30,PE,PE-LIM,Lima,15001
38.56.107.16/28,PE,PE-LIM,Lima,15001
38.56.107.4/30,PE,PE-LIM,Lima,15001
38.56.107.60/30,PE,PE-LIM,Lima,15001
38.56.107.64/26,PE,PE-LIM,Lima,15001
38.56.109.0/24,PE,PE-LIM,Lima,15001
38.56.111.0/24,PE,PE-ARE,Arequipa,04001
38.56.112.0/24,PE,PE-LIM,Lima,15001
38.56.113.0/24,PE,PE-LIM,Lima,15001
38.56.114.0/24,PE,PE-LIM,Lima,15001
38.56.115.0/24,PE,PE-LIM,Lima,15001
38.56.117.0/24,PE,PE-LIM,Lima,15001
38.56.120.0/24,PE,PE-LIM,Lima,15001
38.56.120.128/27,PE,PE-LIM,Lima,15001
38.56.120.160/30,PE,PE-LIM,Lima,15001
38.56.121.0/24,PE,PE-LAM,Chiclayo,14001
38.56.125.0/24,PE,PE-LIM,Lima,15001
38.56.125.12/30,PE,PE-LIM,Lima,15001
38.56.125.16/30,PE,PE-LIM,Lima,15001
38.56.125.4/30,PE,PE-LIM,Lima,15001
38.56.125.8/30,PE,PE-LIM,Lima,15001
38.56.96.0/19,PE,PE-LIM,Lima,15001
38.56.96.0/24,PE,PE-LIM,Lima,15001
38.56.96.192/30,PE,PE-LIM,Lima,15001
38.56.96.196/30,PE,PE-LIM,Lima,15001
38.56.96.200/29,PE,PE-LIM,Lima,15001
38.56.96.208/31,PE,PE-LIM,Lima,15001
38.56.96.210/31,PE,PE-LIM,Lima,15001
38.56.96.224/27,PE,PE-LIM,Lima,15001
38.56.97.0/24,PE,PE-LIM,Lima,15001
38.56.97.8/29,PE,PE-LIM,Lima,15001
38.56.99.0/24,PE,PE-LIM,Lima,15001
45.183.44.0/22,PE,PE-LIM,Lima,15001
45.183.44.0/24,PE,PE-LIM,Lima,15001
45.183.44.192/26,PE,PE-LIM,Lima,15001
45.183.45.200/30,PE,PE-LIM,Lima,15001
45.183.45.204/30,PE,PE-LIM,Lima,15001
45.183.45.32/30,PE,PE-LIM,Lima,15001
45.183.45.40/30,PE,PE-LIM,Lima,15001
45.183.45.48/29,PE,PE-LIM,Lima,15001
45.183.45.64/27,PE,PE-LIM,Lima,15001
45.183.46.0/24,PE,PE-LIM,Lima,15001
45.183.47.0/24,PE,PE-LIM,Lima,15001
45.189.188.0/24,PE,PE-LIM,Lima,15001
45.189.188.128/26,PE,PE-LIM,Lima,15001
45.189.188.192/28,PE,PE-LIM,Lima,15001
45.189.188.208/30,PE,PE-LIM,Lima,15001
45.189.188.224/27,PE,PE-LIM,Lima,15001
45.189.188.48/30,PE,PE-LIM,Lima,15001
45.189.189.0/30,PE,PE-LIM,Lima,15001
2801:155:7::/48,GT,GT-01,Guatemala City,1073
2801:155:b::/48,GT,GT-01,Guatemala City,1073
2801:1a:5800::/48,CO,CO-DC,Bogota,110111
2801:1a:5800:402::1:0/126,CO,CO-DC,Bogota,110111
2803:5200::/32,CL,CL-RM,Santiago,8320000
2803:5200::/36,CL,CL-RM,Santiago,8320000
2803:5200:1000::/36,CL,CL-RM,Santiago,8320000
2803:5200:2000::/36,CL,CL-RM,Santiago,8320000
2803:5200:3000::/36,CL,CL-RM,Santiago,8320000
2803:5200:4000::/36,CL,CL-RM,Santiago,8320000
2803:5200:5000::/36,CL,CL-RM,Santiago,8320000
2803:5200:6000::/36,CL,CL-RM,Santiago,8320000
2803:5200:6411::/48,CL,CL-RM,Santiago,8320000
2803:5200:6411:a::/64,CL,CL-RM,Santiago,8320000
2803:5200:7000::/36,CL,CL-RM,Santiago,8320000
2803:5200:8000::/36,CL,CL-RM,Santiago,8320000
2803:5200:9000::/36,CL,CL-RM,Santiago,8320000
2803:5200:a000::/36,CL,CL-RM,Santiago,8320000
2803:5200:b000::/36,CL,CL-RM,Santiago,8320000
2803:5200:c000::/36,CL,CL-RM,Santiago,8320000
2803:5200:d000::/36,CL,CL-RM,Santiago,8320000
2803:5200:e000::/36,CL,CL-RM,Santiago,8320000
2803:5200:f000::/36,CL,CL-RM,Santiago,8320000
2803:b0e0::/32,PE,PE-LIM,Lima,15001
2803:b0e0::/36,PE,PE-LIM,Lima,15001
2803:b0e0::/48,PE,PE-LIM,Lima,15001
2803:b0e0:1::/48,PE,PE-LIM,Lima,15001
2803:b0e0:1::8/126,PE,PE-LIM,Lima,15001
2803:b0e0:1000::/36,PE,PE-LIM,Lima,15001
2803:b0e0:2000::/36,PE,PE-LIM,Lima,15001
2803:b0e0:2690::/48,PE,PE-LIM,Lima,15001
2803:b0e0:26a0::,PE,PE-LIM,Lima,15001
2803:b0e0:26a2::/48,PE,PE-LIM,Lima,15001
2803:b0e0:26a3::/48,PE,PE-LIM,Lima,15001
2803:b0e0:26a4::/48,PE,PE-LIM,Lima,15001
2803:b0e0:26a5::/48,PE,PE-LIM,Lima,15001
2803:b0e0:26a6::/48,PE,PE-LIM,Lima,15001
2803:b0e0:26a7::/48,PE,PE-LIM,Lima,15001
2803:b0e0:26a8::/48,PE,PE-LIM,Lima,15001
2803:b0e0:26a9::/48,PE,PE-LIM,Lima,15001
2803:b0e0:26aa::/48,PE,PE-LIM,Lima,15001
2803:b0e0:26ab::/48,PE,PE-LIM,Lima,15001
2803:b0e0:26ac::/48,PE,PE-LIM,Lima,15001
2803:b0e0:26ad::/48,PE,PE-LIM,Lima,15001
2803:b0e0:3000::/36,PE,PE-LIM,Lima,15001
2803:b0e0:4000::/36,PE,PE-LIM,Lima,15001
2803:b0e0:5000::/36,PE,PE-LIM,Lima,15001
2803:b0e0:6000::/36,PE,PE-LIM,Lima,15001
2803:b0e0:8010::/48,PE,PE-LIM,Lima,15001
2803:b0e0:8016::/48,PE,PE-LIM,Lima,15001
2803:b0e0:8018::/48,PE,PE-LIM,Lima,15001
2803:b0e0:801a::/48,PE,PE-LIM,Lima,15001
2803:b0e0:8020::/48,PE,PE-LIM,Lima,15001
2803:b0e0:9000::/36,PE,PE-LIM,Lima,15001
2803:b0e0:9800::/40,PE,PE-LIM,Lima,15001
2803:b0e0:9940::/42,PE,PE-LIM,Lima,15001
2803:b0e0:9940::/42,PE,PE-LIM,Lima,15001
2803:b0e0:9982::/48,CO,CO-DC,Bogota,110111
2803:b0e0:998b::/48,PE,PE-LIM,Lima,15001
2803:b0e0:998c::/48,PE,PE-LIM,Lima,15001
2803:b0e0:998d::/48,PE,PE-LIM,Lima,15001
2803:b0e0:998e::/48,PE,PE-LIM,Lima,15001
2803:b0e0:999b::/48,PE,PE-LIM,Lima,15001
2803:b0e0:999c::/48,PE,PE-LIM,Lima,15001
2803:b0e0:999d::/48,PE,PE-LIM,Lima,15001
2803:b0e0:999e::/48,PE,PE-LIM,Lima,15001
2803:b0e0:999f::/48,PE,PE-LIM,Lima,15001
2803:b0e0:99c2::/48,PE,PE-LIM,Lima,15001
2803:b0e0:c000::/36,PE,PE-LIM,Lima,15001
2803:b0e0:d000::/36,PE,PE-LIM,Lima,15001
2803:b0e0:e000::/36,PE,PE-LIM,Lima,15001
2803:b0e0:f000::/36,PE,PE-LIM,Lima,15001
2803:cd60::/32,PE,PE-LIM,Lima,15001
2803:cd60::/36,PE,PE-LIM,Lima,15001
2803:cd60:0:6447::/64,PE,PE-LIM,Lima,15001
2803:cd60:1::/126,PE,PE-LIM,Lima,15001
2803:cd60:1::/48,PE,PE-LIM,Lima,15001
2803:cd60:1000::/126,PE,PE-LIM,Lima,15001
2803:cd60:1000::/36,PE,PE-LIM,Lima,15001
2803:cd60:1000::/48,PE,PE-LIM,Lima,15001
2803:cd60:1000::4/126,PE,PE-LIM,Lima,15001
2803:cd60:2:1::/64,PE,PE-LIM,Lima,15001
2803:cd60:2000::/36,PE,PE-LIM,Lima,15001
2803:cd60:2121:2121::/64,PE,PE-LIM,Lima,15001
2803:cd60:2641:5::/64,PE,PE-LIM,Lima,15001
2803:cd60:3000::/36,PE,PE-LIM,Lima,15001
2803:cd60:4000::/36,PE,PE-LIM,Lima,15001
2803:cd60:42::/48,PE,PE-LIM,Lima,15001
2803:cd60:42:3840::/60,PE,PE-LIM,Lima,15001
2803:cd60:42:3840::8/126,PE,PE-LIM,Lima,15001
2803:cd60:42:3854::10/126,PE,PE-LIM,Lima,15001
2803:cd60:42:3854::4/126,PE,PE-LIM,Lima,15001
2803:cd60:42:3854::8/126,PE,PE-LIM,Lima,15001
2803:cd60:42:3856::/64,PE,PE-LIM,Lima,15001
2803:cd60:42:3a01::4/126,PE,PE-LIM,Lima,15001
2803:cd60:5000::/126,PE,PE-LIM,Lima,15001
2803:cd60:5000::/36,PE,PE-LIM,Lima,15001
2803:cd60:5000::/48,PE,PE-LIM,Lima,15001
2803:cd60:5000::10/126,PE,PE-LIM,Lima,15001
2803:cd60:5000::4/126,PE,PE-LIM,Lima,15001
2803:cd60:5000::8/126,PE,PE-LIM,Lima,15001
2803:cd60:5000::c/126,PE,PE-LIM,Lima,15000
2803:cd60:6000::/36,PE,PE-LIM,Lima,15000
2803:cd60:6411::/48,PE,PE-LIM,Lima,15000
2803:cd60:6412:8100::4/126,PE,PE-LIM,Lima,15000
2803:cd60:7000::/36,PE,PE-LIM,Lima,15000
2803:cd60:8000::/36,PE,PE-LIM,Lima,15000
2803:cd60:8674::/48,PE,PE-LIM,Lima,15000
2803:cd60:8674::/64,PE,PE-LIM,Lima,15000
2803:cd60:8674:8674::/64,PE,PE-LIM,Lima,15000
2803:cd60:9000::/36,PE,PE-LIM,Lima,15000
2803:cd60:a000::/126,PE,PE-LIM,Lima,15000
2803:cd60:a000::/36,PE,PE-LIM,Lima,15000
2803:cd60:a000::/48,PE,PE-LIM,Lima,15000
2803:cd60:a000::4/126,PE,PE-LIM,Lima,15000
2803:cd60:b000::/36,PE,PE-LIM,Lima,15000
2803:cd60:c000::/36,PE,PE-LIM,Lima,15000
2803:cd60:d000::/36,PE,PE-LIM,Lima,15000
2803:cd60:e000::/36,PE,PE-LIM,Lima,15000
2803:cd60:f000::/36,PE,PE-LIM,Lima,15000
38.137.192.0/19,PE,PE-LIM,Lima,4000
38.137.208.0/24,CO,CO-VAC,Santander de Quilichao,191030
38.56.107.8/29,PE,PE-LIM,Lima,15000
38.56.122.148/31,PE,PE-LIM,Lima,15000
38.56.126.0/24,PE,PE-LIM,Lima,15000
38.56.127.0/24,PE,PE-LIM,Lima,15000
38.56.96.196/30,PE,PE-LIM,Lima,15000
38.56.99.0/27,PE,PE-LIM,Lima,15000
45.183.45.0/24,PE,PE-LIM,Lima,15000
45.183.45.0/27,PE,PE-LIM,Lima,15000
45.183.45.100/30,PE,PE-LIM,Lima,15000
45.183.45.104/30,PE,PE-LIM,Lima,15000
45.183.45.108/30,PE,PE-LIM,Lima,15000
45.183.45.208/30,PE,PE-LIM,Lima,15000
45.183.45.212/30,PE,PE-LIM,Lima,15000
45.183.45.216/29,PE,PE-LIM,Lima,15000
45.183.45.224/29,PE,PE-LIM,Lima,15000
45.183.45.232/29,PE,PE-LIM,Lima,15000
45.183.45.240/29,PE,PE-LIM,Lima,15000
45.183.45.248/29,PE,PE-LIM,Lima,15000
45.183.45.36/30,PE,PE-LIM,Lima,15000
45.183.45.44/30,PE,PE-LIM,Lima,15000
45.183.45.56/30,PE,PE-LIM,Lima,15000
45.183.45.60/30,PE,PE-LIM,Lima,15000
45.183.45.96/30,PE,PE-LIM,Lima,15000
45.189.188.0/22,PE,PE-LIM,Lima,15000
45.189.189.0/24,PE,PE-LIM,Arequipa,4000
45.189.190.0/24,PE,PE-LIM,Arequipa,4000
45.189.191.0/24,PE,PE-LIM,Lima,15000
45.68.31.0/24,CO,CO-DC,Bogota,110321
45.68.49.94/31,GT,GT-GU,Guatemala City,1073
45.68.49.96/27,GT,GT-GU,Guatemala City,1073
